BLOCK: A

EVAN031 Evans, Logan ( Logan ) IV
BRAD071 Bradford, William ( William ) V
CURR051 Curran, Sean ( Sean ) V
DANI011 Daniels, Luke ( Luke ) V
GOWE022 Gowen, Thomas ( Tommy ) V
HENE021 Heneks, Desmond ( Desmond ) V
LEIB011 Leibovitz, Noah ( Noah ) V
LEVY011 Levy, Ryan ( Ryan ) V
MCCO081 McConnell, Peter ( Peter ) V
NEEL0ll Neel, Charlton ( Charlie ) V
OKAL0ll Okala, Philip ( Philip ) V
PHIL021 Phillips, Destin ( Destin ) V
PUTT012 Putter, Samuel ( Samuel ) V
RISSO Risser, Jack ( Jack ) V
RIVE0I Rivera, Jaidyn ( Jaidyn ) V
ROLL021 Rolls, Riyadh ( Riyadh ) V
ROUS011 Rouse, Patrick ( Packy ) V
VIRM0ll Virmani, Seth ( Seth ) V
WORD011 Word, Gianni ( Gianni ) V
BORA012 Boratto, Evan ( Evan ) VI
CARS021 Carson, Kenneth ( Kenneth ) VI
DECK031 Decker, Colin ( Colin ) VI
GRAN03l Grant, Edmund ( Eddie ) VI
JOHN041 Johnson, Amir ( Amir ) VI
JONE072 Jones, Preston ( Preston ) VI
LAUX011 Laux, Michael ( Michael ) VI
MEYE041 Meyer, Griffin ( Griffin ) VI
PENN0l1 Pennington, Henry ( Henry ) VI
SIM011 Sim, Lucas ( Lucas ) VI
SIMP011 Simpkins, Connor ( Connor ) VI
SULL051 Sullivan, Quinn ( Quinn ) VI
SWEIOl1 Swei, Preston ( Preston ) VI

BLOCK: B

TRYO012 Tryon, Daniel ( Mac ) IV
WADK011 Wadke, Dhilan ( Dhilan ) IV
ALLE061 Allen, Sean ( Sean ) V
BUSC0ll Buscaglia, John ( John ) V
CHAP0ll Chapman, Jeremy ( JC ) V
COBB021 Cobb, Stephen ( Stephen ) V
FARA0ll Faragalli, Zachary ( Zachary ) V
GALI0ll Galia, Henry ( Henry ) V
GOIN021 Goins, Ahijah ( Ahijah ) V
JONE151 Jones, Matthew ( Matt ) V
KANT0l Kanteliotis, Georgios ( George ) V
LISO0l Lisowski, Michael ( Cole ) V
PAUL021 Paul, Avery ( Avery ) V
POWE051 Powers, Maximilian ( Max ) V
RISC0l Rischitelli, John ( Jack ) V
STIN031 Stinchon, Oliver ( Oliver ) V
VAND031 Vandiver, Henry ( Henry ) V
WANG081 Wang, Jonathan ( Jonny ) V
BAKE041 Baker, Gabriel ( Gabriel ) VI
BARR042 Barr, Thomas ( Thomas ) VI
BENS022 Benson, Grey ( Grey ) VI
BLOC041 Block, Brandon ( Brandon ) VI
BRIN0l Brinkley, Dhakir ( Dhakir ) VI
BURM0ll Burman, Nathaniel ( Nate ) VI
CROW042 Crowder, Gabriel ( Gabriel ) VI
ERSK0ll Erskine, Benjamin ( Ben ) VI
FARR021 Farrington, Ethan ( Ethan ) VI
FRED021 Fredriksz, Hayden ( Hayden ) VI
GAFF021 Gaffney, Thomas ( Mac ) VI
GORD04 Gord, Charles ( Charlie ) VI
HOPE0l Hope, Reilly ( Reilly ) VI
JONE081 Jones, Avery ( Avery ) VI
KREY0ll Krey, Alexander ( Alex ) VI
LEEl0l Lee, Semaj ( Semaj ) VI
MEYE04 Meyer, Griffin ( Griffin ) VI
NOBL0l Noble, Charles ( Charlie ) VI
PENN0l Pennington, Henry ( Henry ) VI
RHOD03 Rhodes, Alexander ( Alex ) VI
SCHU061 Schulson, Davin ( Davin ) VI
SMIT191 Smith, Cameron ( Cameron ) VI
STAIOl Stait, Jamie ( Jamie ) VI
TSIA0l Tsiaras, Evangelos ( Evan ) VI
WEIS043 Weissenberger, Gregor ( Gregor ) VI
WILL181 Williams, Joshua ( Josh ) VI

BLOCK: C

GREE161 Greenblatt, Joshua ( Joshua ) IV
BELE011 Belete, Adonai ( Adonai ) V
BIDD02 Biddison, Henry ( Henry ) V
CARR05 Carrasco, Andrew ( Drew ) V
KIRB022 Kirby, Connor ( Connor ) V
MCFA0l McFadden, Liam ( Liam ) V
MORG061 Morgan, Grayson ( Grayson ) V
OLIV03 Oliver, Grant ( Grant ) V
BURM0l Burman, Nathaniel ( Nate ) VI
BUSS012 Busser, Robert ( Robby ) VI
LARG021 Large, Evan ( Evan ) VI
LIOl Li, Devon ( Devon ) VI
MANO0l Manogue, Phineas ( Phineas ) VI
MCDA0l McDade, Benjamin ( Benjamin ) VI
SAIA0l Saial, Ali ( Ali ) VI
WATEO11 Waters, Kwamen ( Kwamen ) VI
YERG011 Yerger, Matthew ( Matthew ) VI

BLOCK: D

MORS0ll Morse, Victor ( Victor ) IV
CHAK022 Chakraborty, Ajay ( AJ ) V
CHIS0l Chisholm, Jack ( Jack ) V
COST051 Costa, Anthony ( Anthony ) V
GILL041 Gill, Nathan ( Nate ) V
JONE101 Jones-Williams, Hezekiah ( Hezekiah ) V
KAHA012 Kahana, Joseph ( Joseph ) V
MAGU03 Maguire, Luke ( Luke ) V
MAUR0l Maury, Talan ( Talan ) V
MCEL0l McElhone, Peter ( Peter ) V
RUFF022 Ruffin, Darius ( Darius ) V
SHAM021 Shams, Ryan ( Ryan ) V
ALOIOl Aloi, Luca ( Luca ) VI
AREL0ll Harvison, Harvey ( Harvey ) VI
CAMP032 Campbell, Reed ( Reed ) VI
GOEN0ll Goens, Robert ( Robert ) VI
GREE121 Green, Robert ( Brenner ) VI
HALP012 Halpert, Charles ( Charlie ) VI
KREY0ll Krey, Alexander ( Alex ) VI
LU0ll Lu, Nicholas ( Nicholas ) VI
SHAR032 Sharma, Unnav ( Unnav ) VI
VARM012 Varma, Milan ( Milan ) VI
WAIOll Wai, Ryan ( Ryan ) VI
WIED012 Wiedmer, Alistair ( Alistair ) VI

BLOCK: E

BART0ll Barton, Jake ( Jake ) IV
KINN0l1 Kinnard, Daniel ( Danny ) IV
NEIL013 Neilly, RJ ( RJ ) IV
BUTT021 Butts, Emmanuel ( Emmanuel ) V
BYRN021 Byrne, Maxx ( Maxx ) V
DALY021 Daly, Garrett ( Garrett ) V
FORM0ll Forman, William ( William ) V
FRIE041 Friel, James ( James ) V
GALLlll Gallagher, Frederick ( Quinn ) V
GRUN0ll Grunes, Jonah ( Jonah ) V
HAYN012 Hayne, Ryan ( Ryan ) V
HU0ll Hu, Ryan ( Ryan ) V
KENN041 Kennedy, Reese ( Reese ) V
LERC0ll Lerch, Richard ( Jonesy ) V
LEVE022 Levensten, Jack ( Jack ) V
MCCAlll McCabe, Sean ( Sean ) V
NEMO012 Nemo, Nicholas ( Nicky ) V
NYE0ll Nye, Thomas ( Thomas ) V
REAV012 Reavey, Sean ( Sean ) V
SHAN0ll Shannon, William ( Will ) V
SIDE012 Sides, Max ( Max ) V
SMYT02 Smyth, Jaxen ( Jaxen ) V
THOM13 Thomas, Ian ( Ian ) V
WITM012 Witmer, Andrew ( Andrew ) V
ZHAO011 Zhao, Kaiser ( Kaiser ) V
ALLE031 Allen, Sean ( Sean ) VI
BONN022 Bonner, Declan ( Declan ) VI
BROW201 Brown, Harrison ( Harrison ) VI
BURM0l Burman, Nathaniel ( Nate ) VI
CLOR023 Cloran, Duke ( Duke ) VI
COOP051 Cooper, Gavin ( Gavin ) VI
DALT0l Dalton, Connor ( Connor ) VI
DARD0l Dardarian, Alexander ( Alexander ) VI
DEAN042 Dean, James ( James ) VI
DIXO0ll Dixon, Zachary ( Zachary ) VI
DOMBO11 Dombar, Simon ( Simon ) VI
DUSK0ll Duska, Ronald ( Miguel ) VI
ESPO0l Esposito, Cameron ( Cameron ) VI
FERT0ll Fertels, Maxwell ( Max ) VI
GARD03 Gardner, Kellen ( Kellen ) VI
GILL081 Gillis, Sebastian ( Sebastian ) VI
HARO012 Haron, Myles ( Myles ) VI
HOIL0ll Hoilett, McKai ( McKai ) VI
JOHN041 Johnson, Amir ( Amir ) VI
KELL072 Kelly, Finn ( Finn ) VI
KOEN012 Koenig, Harry ( Harry ) VI
KRAK0ll Krakovitz, Nicholas ( Nick ) VI
LARG021 Large, Evan ( Evan ) VI
LI061 Li, Kevin ( Kevin ) VI
LU0ll Lu, Nicholas ( Nicholas ) VI
MCCL053 Mcclave, Jude ( Jude ) VI
NEKO012 Nekoumand, Nicholas ( Nic ) VI
NOBL0ll Noble, Charles ( Charlie ) VI
OKON0ll Okonkwo, Martin ( Martin ) VI
OSWA0l Oswald, Zachary ( Zack ) VI
PENN022 Pennewill, David ( DJ ) VI
PITT0l Pitt, Bryce ( Bryce ) VI
ROGE043 Rogers, Jay ( Jay ) VI
ROME02 Romero, Thomas ( TJ ) VI
WARD04 Ward, Cameron ( Cameron ) VI
WILL191 Campbell-Williams, Colin ( Colin ) VI

BLOCK: F

ABBO0ll Abboud, Michael ( Michael ) V
ALDA012 Alday, Tyler ( Tyler ) V
BROD032 Brodnik, Timothy ( TJ ) V
CLAR061 Clarke, Rauden ( Rauden ) V
COUL0l Coulson, Frank ( Fisher ) V
CROS022 Cross, Harrison ( Harrison ) V
DANI021 Danisi, Gabriel ( Gabe ) V
FORD032 Ford, John ( Jack ) V
GAMBOl Gamble, Dillon ( Dillon ) V
GILL052 Gillin, Edward ( Teddy ) V
GREE141 Greenberg, Brady ( Brady ) V
HOBA012 Hoban, Matthew ( Matt ) V
KOUT0l Koutcher, Jack ( Jack ) V
REGA0l Regan, Charles ( Charlie ) V
VAND031 Vandiver, Henry ( Henry ) V
WANG091 Wang, Ryan ( Ryan ) V
ZAFIOl Zafiriou, Nicholas ( Nicholas ) V
BECK041 Becker, Jacob ( Jacob ) VI
BORD011 Borden, Andrew ( Andrew ) VI
BRIN0l Brinkley, Dhakir ( Dhakir ) VI
CAMP032 Campbell, Reed ( Reed ) VI
CARP021 Carpenter, Devin ( Devin ) VI
CHIL0l Childs, Reece ( Reece ) VI
CROW042 Crowder, Gabriel ( Gabriel ) VI
CRUT0ll Crutchlow, Michael ( Michael ) VI
DEGE012 Degenhardt, Kai ( Kai ) VI
DUSK0ll Duska, Ronald ( Miguel ) VI
FREN0ll French, William ( Liam ) VI
FUSC012 Fuscaldo, Zachary ( Zachary ) VI
GANL011 Ganley, Luke ( Luke ) VI
GORD031 Gordon, Avery ( Avery ) VI
HANE0l Haney, Connor ( Connor ) VI
KANC0l Kanchwala, Abdullah ( Abdullah ) VI
LEAD0ll Leader, Elijah ( Eli ) VI
LEE082 Lee, Elliot ( Elliot ) VI
LEEl0l Lee, Semaj ( Semaj ) VI
LIOll Li, Devon ( Devon ) VI
MATU02 Matuch, Alexander ( Xan ) VI
MCCL053 McClave, Jude ( Jude ) VI
MCDOO11 McDonald, Conor ( Conor ) VI
MILL121 Millard, Mason ( Mason ) VI
MOUA0l Moua, Zachary ( Zach ) VI
OKON0l Okonkwo, Martin ( Martin ) VI
PITTOll Pitt, Bryce ( Bryce ) VI
STAIOl Stait, Jamie ( Jamie ) VI
WANG061 Wang, Simon ( Simon ) VI

BLOCK: G

PIAS0ll Piasecki, James ( James ) IV
BAKE032 Baker, Chase ( Chase ) V
CERN012 Cerniglia, Matthew ( Matthew ) V
CHIA0ll Chiang, Aiden ( Aiden ) V
DELA021 DeLacy, Braiden ( Braiden ) V
DUVE0ll Duvernay, Lamar ( Lamar ) V
FRAZ0ll Frazier, Walter ( Walt ) V
GILL071 Gill, Ranvir ( Ranvir ) V
GOOD051 Goodspeed, Elliott ( Elliott ) V
GRIM021 Grimley, Jack ( Jack ) V
HORW0l1 Horwitz, Jacob ( Jacob ) V
HUTC021 Hutchinson, Thomas ( Thomas ) V
JONE151 Jones, Matthew ( Matt ) V
KELL091 Kelly, Will ( Will ) V
KING033 King, Matthew ( Matt ) V
MACC0ll MacColl, James ( James ) V
MCEL012 McElhone, John ( Jack ) V
MORR071 Morrissey, Gavin ( Gavin ) V
PRES041 Press, Elijah ( Eli ) V
RAND021 Randolph, John ( Jack ) V
SCHR041 Schreiber, Charlie ( Charlie ) V
SWIF0ll Swift, Jeremiah ( Jeremiah ) V
TOTH0ll Toth, Colin ( Colin ) V
TYSO0ll Tyson, James ( Jay ) V
BART022 Bartholdson, Michael ( Michael ) VI
BECK042 Becker, Leo ( Leo ) VI
BONA012 Bonaparte, Aaron ( Aaron ) VI
BORG0ll Borghese, Alexander ( Alex ) VI
CHIL0ll Childs, Reece ( Reece ) VI
COHE041 Cohen, Patrick ( Pat ) VI
COVIOll Covington, Kevin ( Kevin ) VI
HOBA0ll Hoban, Joseph ( JP ) VI
KANE031 Kanefsky, Noah ( Noah ) VI
PATT031 Patterson, Christos ( Christos ) VI
ROSE0ll Rosenzweig, Ian ( Ian ) VI
SAUL0ll Saul, Thomas ( Tommy ) VI
SUTE012 Suter, William ( Will ) VI
TIER013 Tierney, Finnegan ( Finn ) VI
WHIT121 White, Patrick ( Patrick ) VI
WIEG0ll Wiegand, Mason ( Mason ) VI